{"cameraMode":{"drawMode":0,"name":"Shaded","section":"Shading Mode"},"sceneLighting":true,"audioPlay":false,"sceneViewState":{"m_AlwaysRefresh":false,"showFog":true,"showSkybox":true,"showFlares":true,"showImageEffects":true,"showParticleSystems":true,"showVisualEffectGraphs":true,"m_FxEnabled":true},"in2DMode":false,"pivot":{"x":1.2134473323822022,"y":0.6349793672561646,"z":-1.4645977020263672},"rotation":{"x":0.04445565864443779,"y":-0.9472383260726929,"z":0.15073685348033906,"w":0.2793610990047455},"size":2.084376335144043,"orthographic":false}